Time;Season
0.0;0.12000001
0.083333336;0.09
0.16666667;0.11000001
0.25;0.09
0.33333334;0.07
0.41666666;0.13
0.5;0.07
0.5833333;0.07
0.6666667;0.09
0.75;0.05
0.8333333;0.030000003
0.9166667;0.080000006
