Time;Season
0.0;0.02
0.083333336;0.049999997
0.16666667;0.19
0.25;0.19
0.33333334;0.08
0.41666666;0.02
0.5;0.02
0.5833333;0.04
0.6666667;0.14
0.75;0.15
0.8333333;0.06
0.9166667;0.04
