"Time (year)";"Reef_omnivores"
"0.0";"8.33"
"0.083333336";"8.33"
"0.16666667";"8.33"
"0.25";"8.33"
"0.33333334";"8.33"
"0.41666666";"8.33"
"0.5";"8.33"
"0.5833333";"8.33"
"0.6666667";"8.33"
"0.75";"8.33"
"0.8333333";"8.33"
"0.9166667";"8.33"
