Time;Season
0.0;0.08999999
0.083333336;0.07999999
0.16666667;0.08999999
0.25;0.08999999
0.33333334;0.099999994
0.41666666;0.099999994
0.5;0.07999999
0.5833333;0.07999999
0.6666667;0.07999999
0.75;0.06999999
0.8333333;0.06999999
0.9166667;0.06999999
