Time;Season
0.0;0.08333335
0.083333336;0.08333335
0.16666667;0.08333335
0.25;0.08333335
0.33333334;0.08333335
0.41666666;0.08333335
0.5;0.08333335
0.5833333;0.08333335
0.6666667;0.08333335
0.75;0.08333335
0.8333333;0.08333335
0.9166667;0.08333335
